id,reviewer_bucket,priority,status,response_stage,manuscript_stage,evidence_stage,summary_of_comment,planned_action,maintex_anchor,paper_repo_targets,impl_repo_evidence_paths,figure_table_targets,notes
HE-1,Handling Editor,high,done,done,done,done,"Runtime feasibility is now reported as a representative total wall-clock benchmark, not a fit/forecast decomposition. The manuscript and response use runtime_sec_total/runtime_sec and preserve the 1620 completed interface-row versus 54 done/18 pending planned-run nuance.","Keep HE-1 tied to the compact runtime manifest. If the raw runtime tree is mounted later, regenerate the manifest summary from the source CSV before changing any numerical claim.",/data/muscat_data/jaguir26/Corrections---Project-1/main.tex#L127,/data/muscat_data/jaguir26/project1_ucsc_phd/Evironmetrics---REVISED-DOC-Corrected-2/wileyNJD-APA.tex#L221,/data/muscat_data/jaguir26/project1_ucsc_phd/docs/he1_runtime_feasibility_contract_20260615.md; /data/muscat_data/jaguir26/project1_ucsc_phd/Evironmetrics---REVISED-DOC-Corrected-2/artifacts/runtime_benchmark/runtime_manifest.json,runtime_manifest.json,"Validated by runtime-contract tests and cross-repo/publication-freeze validators; raw runtime source was not mounted in the current session, so only compact manifest wording is enforced here."
HE-2,Handling Editor,high,done,done,done,done,"Forecast validation response documents the 28-day CRPS comparison plus the separate eight-day NWS-horizon comparison; Gaussian N rows are clarified as normal DLM baselines rather than quantile-lane fits.","Keep HE-2 response fragments generated from the revised-article table bodies after future calibration refreshes.",/data/muscat_data/jaguir26/Corrections---Project-1/main.tex#L138,"/data/muscat_data/jaguir26/project1_ucsc_phd/Evironmetrics---REVISED-DOC-Corrected-2/wileyNJD-APA.tex#L348; tables tab:benchmark_crps_models and tab:benchmark_crps_models_nws_horizon","/data/muscat_data/jaguir26/project1_ucsc_phd/docs/he2_ndlm_and_crps_horizon_contract_20260614.md; /data/muscat_data/jaguir26/project1_ucsc_phd/Evironmetrics---REVISED-DOC-Corrected-2/tables/generated_tex/benchmark_crps_horizon_summary.csv","he2_benchmark_crps_response_table.tex; he2_benchmark_crps_nws_horizon_response_table.tex","Validated by generated-table sync tests plus corrections/revised-article compile and cross-repo wiring checks."
HE-3,Handling Editor,high,done,done,done,done,"Targeted component ablation of the selected exAL-M-T1 specification is documented with 28-day and eight-day NWS-horizon tables; noH3 is defined as the retained noninteger seasonal frequency.","Keep detailed ablation material in the corrections response and manuscript appendix; refresh generated table fragments after future selected-model calibration updates.",/data/muscat_data/jaguir26/Corrections---Project-1/main.tex#L191,"/data/muscat_data/jaguir26/project1_ucsc_phd/Evironmetrics---REVISED-DOC-Corrected-2/wileyNJD-APA.tex#L368; appendix app:he3ablation; tables tab:he3_ablation_crps and tab:he3_ablation_crps_nws_horizon","/data/muscat_data/jaguir26/project1_ucsc_phd/Evironmetrics---REVISED-DOC-Corrected-2/artifacts/he3_exdqlm_ablation_authoritative; /data/muscat_data/jaguir26/project1_ucsc_phd/Evironmetrics---REVISED-DOC-Corrected-2/tables/generated_tex/he3_ablation_crps_horizon_summary.csv","he3_ablation_crps_response_table.tex; he3_ablation_crps_nws_horizon_response_table.tex","Validated by article table-contract tests, corrections/revised-article compile, and cross-repo wiring checks."
HE-4,Handling Editor,high,done,done,done,done,"Forecast-window CRPS is reported as out-of-sample validation, and targeted quantile check-loss diagnostics are reported for the four principal synthesis competitors across all cutoff-quantile cells.","Keep HE4 generated from the revised-article HE4 source artifact after future HE2 publication-manifest refreshes; do not hand-edit the corrections response table fragment.",/data/muscat_data/jaguir26/Corrections---Project-1/main.tex#L223,"/data/muscat_data/jaguir26/project1_ucsc_phd/Evironmetrics---REVISED-DOC-Corrected-2/wileyNJD-APA.tex#L223; /data/muscat_data/jaguir26/project1_ucsc_phd/Evironmetrics---REVISED-DOC-Corrected-2/wileyNJD-APA.tex#L363; table tab:he4_quantile_check_loss","/data/muscat_data/jaguir26/project1_ucsc_phd/Evironmetrics---REVISED-DOC-Corrected-2/artifacts/he4_quantile_check_loss_current_publication/he4_selection_audit.csv; /data/muscat_data/jaguir26/project1_ucsc_phd/Evironmetrics---REVISED-DOC-Corrected-2/artifacts/he4_quantile_check_loss_current_publication/he4_quantile_check_loss_wide.csv; /data/muscat_data/jaguir26/project1_ucsc_phd/docs/cross_repo_validation_patch_compile_closeout_20260609.md","he4_quantile_check_loss_response_table.tex; he4_quantile_check_loss_main_table.tex; he4_quantile_check_loss_wide.csv","Validated by generated-table sync tests plus cross-repo wiring checks; response wording avoids overstating dominance and treats regimes through rolling-origin cutoff windows."
HE-5,Handling Editor,high,done_pending_final_archive_doi,done,done,done,"Code availability now distinguishes CRAN reusable estimation software, the public Project1 workflow repository, and the revised-article figure/table freeze; final workflow archive DOI remains pending until final revision freeze.","Create final workflow release/archive before resubmission, replace pending DOI fields, and rerun publication-freeze and cross-repo validators.",/data/muscat_data/jaguir26/Corrections---Project-1/main.tex#L243,"/data/muscat_data/jaguir26/project1_ucsc_phd/Evironmetrics---REVISED-DOC-Corrected-2/wileyNJD-APA.tex#L443; /data/muscat_data/jaguir26/project1_ucsc_phd/Evironmetrics---REVISED-DOC-Corrected-2/artifacts/software_availability/software_availability_manifest.json","/data/muscat_data/jaguir26/project1_ucsc_phd/repro/run/REVISION_SOFTWARE_REPRODUCIBILITY_CONTRACT_20260615.md; /data/muscat_data/jaguir26/project1_ucsc_phd/docs/software_reproducibility_release_plan_20260615.md","software_availability_manifest.json","Validated by software-availability contract tests and cross-repo/publication-freeze validators; DOI intentionally remains pending until final freeze."
HE-6,Handling Editor,high,done,done,done,done,"Out-of-sample validation is now described as five rolling-origin cutoff-based folds with post-cutoff USGS reserved strictly for verification. Forecast-origin inputs distinguish latest issued forecast products, forecast-window PPT/SOIL transfer covariates, and the canonical GDPC/PCA climate-index covariate.","Keep HE-6 tied to the compact forecast-design manifest and validator. If future bundles change the covariate protocol, update the manifest, article wording, corrections wording, and validators together.",/data/muscat_data/jaguir26/Corrections---Project-1/main.tex#L254,"/data/muscat_data/jaguir26/project1_ucsc_phd/Evironmetrics---REVISED-DOC-Corrected-2/wileyNJD-APA.tex#L260; /data/muscat_data/jaguir26/project1_ucsc_phd/Evironmetrics---REVISED-DOC-Corrected-2/wileyNJD-APA.tex#L334","/data/muscat_data/jaguir26/project1_ucsc_phd/docs/he6_out_of_sample_forecast_design_contract_20260615.md; /data/muscat_data/jaguir26/project1_ucsc_phd/Evironmetrics---REVISED-DOC-Corrected-2/artifacts/forecast_design/forecast_design_manifest.json",forecast_design_manifest.json,"Validated by HE6 forecast-design tests and the publication-freeze/cross-repo validators; GDPC/PCA is explicitly not described as an operational forecast product."
HE-7,Handling Editor,high,done,done,done,done,"Latest-forecast-only protocol is now explicitly documented for GloFAS and NWS. The response and manuscript state that older issuances are not averaged into publication forecast matrices, and the legacy weighted_daily names are documented as compatibility aliases.","Keep the HE-7 manifest, article doc, workflow contract, and validators synchronized after any future forecast-ingestion change.",/data/muscat_data/jaguir26/Corrections---Project-1/main.tex#L270,"/data/muscat_data/jaguir26/project1_ucsc_phd/Evironmetrics---REVISED-DOC-Corrected-2/wileyNJD-APA.tex#L336; /data/muscat_data/jaguir26/project1_ucsc_phd/Evironmetrics---REVISED-DOC-Corrected-2/artifacts/latest_forecast_issue/latest_forecast_issue_manifest.json","/data/muscat_data/jaguir26/project1_ucsc_phd/docs/he7_latest_forecast_issue_contract_20260615.md; /data/muscat_data/jaguir26/project1_ucsc_phd/scripts/latest_forecast_issue_contract.py; /data/muscat_data/jaguir26/project1_ucsc_phd/scripts/audit_latest_forecast_issue_runtime_bundles.py",latest_forecast_issue_manifest.json,"Validated by HE7 latest-forecast contract tests and the publication-freeze/cross-repo validators."
R1-O,Reviewer 1 Overview,high,done,done,done,done,"The overview response now states that the manuscript was reframed from a model-development emphasis toward rolling-origin forecast validation, CRPS and quantile diagnostics, horizon-aware raw-product comparisons, and selected-model interpretation.","Keep this overview tied to the forecast-validation sections and avoid reverting to future-tense promises for changes already implemented.",/data/muscat_data/jaguir26/Corrections---Project-1/main.tex#L284,"/data/muscat_data/jaguir26/project1_ucsc_phd/Evironmetrics---REVISED-DOC-Corrected-2/wileyNJD-APA.tex#L70; /data/muscat_data/jaguir26/project1_ucsc_phd/Evironmetrics---REVISED-DOC-Corrected-2/wileyNJD-APA.tex#L347; /data/muscat_data/jaguir26/project1_ucsc_phd/Evironmetrics---REVISED-DOC-Corrected-2/wileyNJD-APA.tex#L431",/data/muscat_data/jaguir26/project1_ucsc_phd/scripts/validate_publication_freeze.py; /data/muscat_data/jaguir26/project1_ucsc_phd/scripts/validate_revision_cross_repo_wiring.py,forecast-validation sections,"Validated by R1-O prose gates in publication-freeze and cross-repo validators."
R1-M1,Reviewer 1 Major,high,done,done,done,done,"The response and revised manuscript now distinguish hydrological uncertainty from meteorological/input uncertainty before introducing the Bayesian framework. The article also avoids describing precipitation-bearing transfer inputs as purely hydrological by using hydrometeorological covariate terminology.","Maintain the distinction if the introduction or data-source prose changes; avoid reverting to future-tense promises or labeling precipitation covariates as purely hydrological.",/data/muscat_data/jaguir26/Corrections---Project-1/main.tex#L308,"/data/muscat_data/jaguir26/project1_ucsc_phd/Evironmetrics---REVISED-DOC-Corrected-2/wileyNJD-APA.tex#L70; /data/muscat_data/jaguir26/project1_ucsc_phd/Evironmetrics---REVISED-DOC-Corrected-2/wileyNJD-APA.tex#L264","/data/muscat_data/jaguir26/project1_ucsc_phd/docs/reviewer_refs/R1_M1_uncertainty_notes.md; /data/muscat_data/jaguir26/project1_ucsc_phd/scripts/validate_publication_freeze.py; /data/muscat_data/jaguir26/project1_ucsc_phd/scripts/validate_revision_cross_repo_wiring.py",uncertainty-source prose gates,"Validated by R1-M1 article test plus publication-freeze and cross-repo prose gates."
R1-M2,Reviewer 1 Major,high,done,done,done,done,"The revised manuscript now links formulation to results by replacing the old staged A/B/C organization with one common state-space framework, then mapping benchmark rows through the L-S-T likelihood/source/transfer labels and focusing interpretation on the selected exAL-M-T1 specification.","Maintain the unified framework and L-S-T bridge if benchmark labels or selected-model interpretation change; do not reintroduce staged A/B/C as the main article structure.",/data/muscat_data/jaguir26/Corrections---Project-1/main.tex#L317,"/data/muscat_data/jaguir26/project1_ucsc_phd/Evironmetrics---REVISED-DOC-Corrected-2/wileyNJD-APA.tex#L96; /data/muscat_data/jaguir26/project1_ucsc_phd/Evironmetrics---REVISED-DOC-Corrected-2/wileyNJD-APA.tex#L192; /data/muscat_data/jaguir26/project1_ucsc_phd/Evironmetrics---REVISED-DOC-Corrected-2/wileyNJD-APA.tex#L355; /data/muscat_data/jaguir26/project1_ucsc_phd/Evironmetrics---REVISED-DOC-Corrected-2/wileyNJD-APA.tex#L375","/data/muscat_data/jaguir26/project1_ucsc_phd/Evironmetrics---REVISED-DOC-Corrected-2/docs/manuscript_revision_checklist.md; /data/muscat_data/jaguir26/project1_ucsc_phd/scripts/validate_publication_freeze.py; /data/muscat_data/jaguir26/project1_ucsc_phd/scripts/validate_revision_cross_repo_wiring.py",model-to-results prose gates,"Validated by R1-M2 article test plus publication-freeze and cross-repo prose gates."
R1-M3,Reviewer 1 Major,high,done,done,done,done,"The revised manuscript removes the detailed PIT development from the main text, keeps CRPS and targeted quantile check loss as the reported validation criteria, retains posterior predictive synthesis as a concise selected-origin illustration, and limits quantile crossing to a brief robustness note.","Maintain the main-text/appendix distinction: implementation-level MCMC/VB pseudocode can remain in the appendix for reproducibility, but PIT or quantile-crossing procedure detail should not return to the main narrative.",/data/muscat_data/jaguir26/Corrections---Project-1/main.tex#L326,"/data/muscat_data/jaguir26/project1_ucsc_phd/Evironmetrics---REVISED-DOC-Corrected-2/wileyNJD-APA.tex#L228; /data/muscat_data/jaguir26/project1_ucsc_phd/Evironmetrics---REVISED-DOC-Corrected-2/wileyNJD-APA.tex#L330; /data/muscat_data/jaguir26/project1_ucsc_phd/Evironmetrics---REVISED-DOC-Corrected-2/wileyNJD-APA.tex#L414","/data/muscat_data/jaguir26/project1_ucsc_phd/Evironmetrics---REVISED-DOC-Corrected-2/docs/manuscript_revision_checklist.md; /data/muscat_data/jaguir26/project1_ucsc_phd/scripts/validate_publication_freeze.py; /data/muscat_data/jaguir26/project1_ucsc_phd/scripts/validate_revision_cross_repo_wiring.py",R1-M3 prose gates,"Validated by R1-M3 article test plus publication-freeze and cross-repo prose gates."
R1-M4,Reviewer 1 Major,high,done,done,done,done,"The revised article expands forecast validation from the original single December 2022 window to five rolling-origin cutoffs spanning contrasting hydrological settings, verifies against held-out post-cutoff USGS observations, reports CRPS plus targeted quantile diagnostics, and labels the December 2022 synthesis figure as illustrative rather than as additional validation evidence.","Keep this response tied to the five-cutoff forecast-design manifest; do not describe the evidence as a continuous 2023-present hindcast unless such a validation is actually run.",/data/muscat_data/jaguir26/Corrections---Project-1/main.tex#L337,"/data/muscat_data/jaguir26/project1_ucsc_phd/Evironmetrics---REVISED-DOC-Corrected-2/wileyNJD-APA.tex#L334; /data/muscat_data/jaguir26/project1_ucsc_phd/Evironmetrics---REVISED-DOC-Corrected-2/wileyNJD-APA.tex#L353; /data/muscat_data/jaguir26/project1_ucsc_phd/Evironmetrics---REVISED-DOC-Corrected-2/wileyNJD-APA.tex#L414","/data/muscat_data/jaguir26/project1_ucsc_phd/docs/he6_out_of_sample_forecast_design_contract_20260615.md; /data/muscat_data/jaguir26/project1_ucsc_phd/Evironmetrics---REVISED-DOC-Corrected-2/artifacts/forecast_design/forecast_design_manifest.json",R1-M4 forecast-evidence prose gates,"Validated by R1-M4 article test plus publication-freeze and cross-repo prose gates."
R1-M5,Reviewer 1 Major,high,todo,not_started,not_started,not_started,,,/data/muscat_data/jaguir26/Corrections---Project-1/main.tex#L341,,,,
R1-m1,Reviewer 1 Minor,medium,todo,not_started,not_started,not_started,,,/data/muscat_data/jaguir26/Corrections---Project-1/main.tex#L342,,,,
R1-m2,Reviewer 1 Minor,medium,todo,not_started,not_started,not_started,,,/data/muscat_data/jaguir26/Corrections---Project-1/main.tex#L343,,,,
R1-m3,Reviewer 1 Minor,medium,todo,not_started,not_started,not_started,,,/data/muscat_data/jaguir26/Corrections---Project-1/main.tex#L344,,,,
R1-m4,Reviewer 1 Minor,medium,todo,not_started,not_started,not_started,,,/data/muscat_data/jaguir26/Corrections---Project-1/main.tex#L345,,,,
R1-m5,Reviewer 1 Minor,medium,todo,not_started,not_started,not_started,,,/data/muscat_data/jaguir26/Corrections---Project-1/main.tex#L346,,,,
R1-m6,Reviewer 1 Minor,medium,done,done,done,done,"Same issue as HE-7. The response now cross-references HE-7 and states that older forecast issuances are no longer combined for the target time.","Maintain R1-m6 as a cross-reference to HE-7 rather than duplicating a separate protocol.",/data/muscat_data/jaguir26/Corrections---Project-1/main.tex#L399,/data/muscat_data/jaguir26/project1_ucsc_phd/Evironmetrics---REVISED-DOC-Corrected-2/wileyNJD-APA.tex#L336,/data/muscat_data/jaguir26/project1_ucsc_phd/docs/he7_latest_forecast_issue_contract_20260615.md,latest_forecast_issue_manifest.json,"Validated by the HE7 latest-forecast issue contract."
R1-m7,Reviewer 1 Minor,medium,todo,not_started,not_started,not_started,,,/data/muscat_data/jaguir26/Corrections---Project-1/main.tex#L348,,,,
R1-m8,Reviewer 1 Minor,medium,todo,not_started,not_started,not_started,,,/data/muscat_data/jaguir26/Corrections---Project-1/main.tex#L349,,,,
R1-m9,Reviewer 1 Minor,medium,todo,not_started,not_started,not_started,,,/data/muscat_data/jaguir26/Corrections---Project-1/main.tex#L350,,,,
